{"ce0ad682d32301841070db3b61917224": {"terms": ["hospice care", "cancercare", "#end_of_life_care", "#palliativetherapy", "end of life support", "#comfort care", "#pallcare", "eolcare", "#palliative_care", "eol care", "comfort care"], "since_id": 1162414552589357057, "geocode": null, "querystring": "(hospice care) OR (cancercare) OR (#end_of_life_care) OR (#palliativetherapy) OR (end of life support) OR (#comfort care) OR (#pallcare) OR (eolcare) OR (#palliative_care) OR (eol care) OR (comfort care)"}, "eee913174a5a9a3faf0ba9fb5a7b5b45": {"terms": ["#comfortcare", "#pallmed", "oncology care", "hpm", "comfortcare", "#palliativeservice", "#hospicecareweek", "#eolc", "endoflifecare", "end of life care", "eolc", "palliativeservice"], "since_id": 1162417477613162496, "geocode": null, "querystring": "(#comfortcare) OR (#pallmed) OR (oncology care) OR (hpm) OR (comfortcare) OR (#palliativeservice) OR (#hospicecareweek) OR (#eolc) OR (endoflifecare) OR (end of life care) OR (eolc) OR (palliativeservice)"}, "cbd5e1379328d6d527fd04a6f3724385": {"terms": ["#pallonc", "#palliative", "#supportivecare", "#palliativerehabilitation", "#endoflifecare", "palliative rehabilitation", "#hpm", "endoflifesupport", "palliative care", "hospice"], "since_id": 1162396385431445504, "geocode": null, "querystring": "(#pallonc) OR (#palliative) OR (#supportivecare) OR (#palliativerehabilitation) OR (#endoflifecare) OR (palliative rehabilitation) OR (#hpm) OR (endoflifesupport) OR (palliative care) OR (hospice)"}, "6a922ba4df0873945d3b53fbfc4d27b1": {"terms": ["pallonc", "pall care", "#eolcare", "#ehospice", "NCPGuidelines", "hospicecareweek", "#palliativemedicine", "#NCPGuidelines", "#endoflifesupport", "#hpmglobal", "#eol care"], "since_id": 1162387791432433668, "geocode": null, "querystring": "(pallonc) OR (pall care) OR (#eolcare) OR (#ehospice) OR (NCPGuidelines) OR (hospicecareweek) OR (#palliativemedicine) OR (#NCPGuidelines) OR (#endoflifesupport) OR (#hpmglobal) OR (#eol care)"}, "5f99f2556c96f3f99eeffc27570f82af": {"terms": ["palliative", "#palliative_therapy", "palliativecareawareness", "palliative therapy", "cancer care", "hpmglobal", "hospicecare", "eol", "supportive care", "palliativetherapy"], "since_id": 1162402458183712768, "geocode": null, "querystring": "(palliative) OR (#palliative_therapy) OR (palliativecareawareness) OR (palliative therapy) OR (cancer care) OR (hpmglobal) OR (hospicecare) OR (eol) OR (supportive care) OR (palliativetherapy)"}, "3b491041557048dc855aef8f33009bcc": {"terms": ["#supportive_care", "#palliative_medicine", "palliative service", "palliative assessment", "#hospicecare", "eol support", "#end of life care", "pallcare", "#palliativecare"], "since_id": 1162404690090442752, "geocode": null, "querystring": "(#supportive_care) OR (#palliative_medicine) OR (palliative service) OR (palliative assessment) OR (#hospicecare) OR (eol support) OR (#end of life care) OR (pallcare) OR (#palliativecare)"}, "27ce31881d15395e47b6afaccde32b0d": {"terms": ["#hospice", "#pall care", "#cancer care", "supportivecare", "#hospice_care", "NCP Guidelines", "#hospice care", "#NCP_Guidelines", "palliativemedicine", "ehospice", "palliativerehabilitation"], "since_id": 1162408437759774726, "geocode": null, "querystring": "(#hospice) OR (#pall care) OR (#cancer care) OR (supportivecare) OR (#hospice_care) OR (NCP Guidelines) OR (#hospice care) OR (#NCP_Guidelines) OR (palliativemedicine) OR (ehospice) OR (palliativerehabilitation)"}, "39c49781d623ebff0b971fc83a8b3cfd": {"terms": ["palliative medicine", "palliativecare", "#palliativecareawareness"], "since_id": 1162409000819810305, "geocode": null, "querystring": "(palliative medicine) OR (palliativecare) OR (#palliativecareawareness)"}}